16:8,Alfa Bottle 330ml,4
16:8,tips,0
16:10,Alfa Bottle 330ml,4
16:10,tips,0
16:11,Alfa Bottle 330ml,4
16:11,tips,0
16:12,Alfa Draft Beer 300ml,3
16:12,tips,0
16:14,Alfa Bottle 330ml,4
16:14,tips,0
16:22,Alfa Bottle 330ml,4
16:22,tips,0
16:23,Alfa Draft Beer 300ml,3
16:23,tips,0
16:37,Alfa Bottle 330ml,4
16:37,tips,0
16:43,Alfa Draft Beer 300ml,3
16:43,tips,0
17:58,Alfa Bottle 330ml,4
17:58,tips,0
18:1,Alfa Draft Beer 300ml,3
18:1,tips,0
18:3,Alfa Draft Beer 300ml,3
18:3,tips,0
18:4,Alfa Draft Beer 300ml,3
18:4,tips,0
18:4,Alfa Draft Beer 300ml,3
18:4,tips,0
18:9,Alfa Draft Beer 300ml,3
18:9,tips,0
18:13,Alfa Draft Beer 300ml,3
18:13,tips,0
18:13,Alfa Draft Beer 300ml,3
18:13,tips,0
18:16,Alfa Draft Beer 300ml,3
18:16,tips,0
